telescope,filter,psf_case,psf_fwhm_arcsec,pixel_scale_arcsec,exposure_s,separation_arcsec,magnitude_each,n,n_detected,n_adequate,n_recovered,recovery_fraction,recovery_ci95_low,recovery_ci95_high,median_redchi,median_abs_separation_error_arcsec
DOT,V,site_median_seeing,1.1004679405125364,0.096,30,0.5,20.0,30,30,30,30,1.0,0.8864866068260312,1.0,0.9441330357675535,0.015564600921205068
DOT,V,site_median_seeing,1.1004679405125364,0.096,30,1.0,20.0,30,30,30,30,1.0,0.8864866068260312,1.0,0.9640896453680374,0.0075112446166680225
DOT,V,site_median_seeing,1.1004679405125364,0.096,30,2.0,20.0,30,30,30,30,1.0,0.8864866068260312,1.0,0.9635330667032789,0.007298112379536814
DOT,V,site_median_seeing,1.1004679405125364,0.096,300,0.5,20.0,30,30,30,30,1.0,0.8864866068260312,1.0,0.9929534421435335,0.004650704091379215
DOT,V,site_median_seeing,1.1004679405125364,0.096,300,1.0,20.0,30,30,30,30,1.0,0.8864866068260312,1.0,0.9717904677169904,0.0026625644071489596
DOT,V,site_median_seeing,1.1004679405125364,0.096,300,2.0,20.0,30,30,30,30,1.0,0.8864866068260312,1.0,0.986156239997273,0.003597091996585644
DOT,V,site_median_seeing,1.1004679405125364,0.096,1000,0.5,20.0,30,30,30,30,1.0,0.8864866068260312,1.0,1.0066587464432104,0.002771380190201761
DOT,V,site_median_seeing,1.1004679405125364,0.096,1000,1.0,20.0,30,30,30,30,1.0,0.8864866068260312,1.0,0.9836180060856439,0.001653301964874565
DOT,V,site_median_seeing,1.1004679405125364,0.096,1000,2.0,20.0,30,30,30,30,1.0,0.8864866068260312,1.0,0.9910623687127365,0.0017893499800453183
DOT,V,good_site_seeing,0.7007351055112787,0.096,30,0.5,20.0,30,30,30,30,1.0,0.8864866068260312,1.0,0.9234406005908314,0.005588938101645569
DOT,V,good_site_seeing,0.7007351055112787,0.096,30,1.0,20.0,30,30,30,30,1.0,0.8864866068260312,1.0,0.91828823648812,0.003742598274937059
DOT,V,good_site_seeing,0.7007351055112787,0.096,30,2.0,20.0,30,30,30,30,1.0,0.8864866068260312,1.0,0.9411806841135295,0.005002837669945359
DOT,V,good_site_seeing,0.7007351055112787,0.096,300,0.5,20.0,30,30,30,30,1.0,0.8864866068260312,1.0,0.9744710444356864,0.0015551066364180022
DOT,V,good_site_seeing,0.7007351055112787,0.096,300,1.0,20.0,30,30,30,30,1.0,0.8864866068260312,1.0,0.9596131328838227,0.0012908648788446664
DOT,V,good_site_seeing,0.7007351055112787,0.096,300,2.0,20.0,30,30,30,30,1.0,0.8864866068260312,1.0,0.9663754033060883,0.0012037630705733493
DOT,V,good_site_seeing,0.7007351055112787,0.096,1000,0.5,20.0,30,30,30,30,1.0,0.8864866068260312,1.0,0.9789673325096673,0.0008383069360523854
DOT,V,good_site_seeing,0.7007351055112787,0.096,1000,1.0,20.0,30,30,30,30,1.0,0.8864866068260312,1.0,0.9840994557803311,0.0007271609041749616
DOT,V,good_site_seeing,0.7007351055112787,0.096,1000,2.0,20.0,30,30,30,30,1.0,0.8864866068260312,1.0,0.977293172889987,0.0008299927102378701
DOT,R,site_median_seeing,1.100647128508603,0.096,30,0.5,20.0,30,30,30,30,1.0,0.8864866068260312,1.0,0.9544226214275489,0.015483395804708894
DOT,R,site_median_seeing,1.100647128508603,0.096,30,1.0,20.0,30,30,30,30,1.0,0.8864866068260312,1.0,0.9662168096706436,0.011412335205567392
DOT,R,site_median_seeing,1.100647128508603,0.096,30,2.0,20.0,30,30,30,30,1.0,0.8864866068260312,1.0,0.9623135108062679,0.009324863891321034
DOT,R,site_median_seeing,1.100647128508603,0.096,300,0.5,20.0,30,30,30,30,1.0,0.8864866068260312,1.0,0.9892071578385347,0.002746110954132852
DOT,R,site_median_seeing,1.100647128508603,0.096,300,1.0,20.0,30,30,30,30,1.0,0.8864866068260312,1.0,0.9709633276858773,0.0025601486859498923
DOT,R,site_median_seeing,1.100647128508603,0.096,300,2.0,20.0,30,30,30,30,1.0,0.8864866068260312,1.0,0.9813360731892442,0.003016890285360896
DOT,R,site_median_seeing,1.100647128508603,0.096,1000,0.5,20.0,30,30,30,30,1.0,0.8864866068260312,1.0,1.0000065432536214,0.0023934677691759554
DOT,R,site_median_seeing,1.100647128508603,0.096,1000,1.0,20.0,30,30,30,30,1.0,0.8864866068260312,1.0,0.9973509362632369,0.00092511142160423
DOT,R,site_median_seeing,1.100647128508603,0.096,1000,2.0,20.0,30,30,30,30,1.0,0.8864866068260312,1.0,1.0038860466099164,0.0015631970868317246
DOT,R,good_site_seeing,0.70101647733433,0.096,30,0.5,20.0,30,30,30,30,1.0,0.8864866068260312,1.0,0.9328931793446209,0.006032268095741727
DOT,R,good_site_seeing,0.70101647733433,0.096,30,1.0,20.0,30,30,30,30,1.0,0.8864866068260312,1.0,0.9575868299482527,0.004568561509920577
DOT,R,good_site_seeing,0.70101647733433,0.096,30,2.0,20.0,30,30,30,30,1.0,0.8864866068260312,1.0,0.9505842336615227,0.0034320354577510592
DOT,R,good_site_seeing,0.70101647733433,0.096,300,0.5,20.0,30,30,30,30,1.0,0.8864866068260312,1.0,0.9772904315906908,0.001658931794911278
DOT,R,good_site_seeing,0.70101647733433,0.096,300,1.0,20.0,30,30,30,30,1.0,0.8864866068260312,1.0,0.9856205418040206,0.001396235302410731
DOT,R,good_site_seeing,0.70101647733433,0.096,300,2.0,20.0,30,30,30,30,1.0,0.8864866068260312,1.0,0.9951376047590111,0.001392954401715385
DOT,R,good_site_seeing,0.70101647733433,0.096,1000,0.5,20.0,30,30,30,30,1.0,0.8864866068260312,1.0,0.9888198031817936,0.0008003292148428265
DOT,R,good_site_seeing,0.70101647733433,0.096,1000,1.0,20.0,30,30,30,30,1.0,0.8864866068260312,1.0,0.9684815919066645,0.0005636703339236826
DOT,R,good_site_seeing,0.70101647733433,0.096,1000,2.0,20.0,30,30,30,30,1.0,0.8864866068260312,1.0,0.9842846956162512,0.0007430592608124176
DOT,I,site_median_seeing,1.1010037290610104,0.096,30,0.5,20.0,30,2,30,1,0.03333333333333333,0.005908590381612441,0.16670390991409173,0.9505656699669311,0.038980268292241965
DOT,I,site_median_seeing,1.1010037290610104,0.096,30,1.0,20.0,30,30,30,30,1.0,0.8864866068260312,1.0,0.9672593623144334,0.030629144666235508
DOT,I,site_median_seeing,1.1010037290610104,0.096,30,2.0,20.0,30,30,30,30,1.0,0.8864866068260312,1.0,0.9538107529906406,0.019863389453768088
DOT,I,site_median_seeing,1.1010037290610104,0.096,300,0.5,20.0,30,30,30,30,1.0,0.8864866068260312,1.0,0.9860796654761739,0.011549979890702472
DOT,I,site_median_seeing,1.1010037290610104,0.096,300,1.0,20.0,30,30,30,30,1.0,0.8864866068260312,1.0,0.9895511426151691,0.005479188031959514
DOT,I,site_median_seeing,1.1010037290610104,0.096,300,2.0,20.0,30,30,30,30,1.0,0.8864866068260312,1.0,0.9911544809884116,0.009277591338102908
DOT,I,site_median_seeing,1.1010037290610104,0.096,1000,0.5,20.0,30,30,30,30,1.0,0.8864866068260312,1.0,0.9811284851587536,0.008058283387805926
DOT,I,site_median_seeing,1.1010037290610104,0.096,1000,1.0,20.0,30,30,30,30,1.0,0.8864866068260312,1.0,0.9912797075696594,0.003729024355577537
DOT,I,site_median_seeing,1.1010037290610104,0.096,1000,2.0,20.0,30,30,30,30,1.0,0.8864866068260312,1.0,0.9964780172145107,0.0031538738831331514
DOT,I,good_site_seeing,0.7015762334958692,0.096,30,0.5,20.0,30,30,30,30,1.0,0.8864866068260312,1.0,0.9387924655581239,0.01582226649763019
DOT,I,good_site_seeing,0.7015762334958692,0.096,30,1.0,20.0,30,30,30,30,1.0,0.8864866068260312,1.0,0.9556170841292773,0.010745582551935529
DOT,I,good_site_seeing,0.7015762334958692,0.096,30,2.0,20.0,30,30,30,30,1.0,0.8864866068260312,1.0,0.9565240196152365,0.011070696456586204
DOT,I,good_site_seeing,0.7015762334958692,0.096,300,0.5,20.0,30,30,30,30,1.0,0.8864866068260312,1.0,0.9836222121861227,0.004242088683487438
DOT,I,good_site_seeing,0.7015762334958692,0.096,300,1.0,20.0,30,30,30,30,1.0,0.8864866068260312,1.0,0.9894026799997547,0.0030443286425075877
DOT,I,good_site_seeing,0.7015762334958692,0.096,300,2.0,20.0,30,30,30,30,1.0,0.8864866068260312,1.0,0.9791321974390521,0.0028936941774992953
DOT,I,good_site_seeing,0.7015762334958692,0.096,1000,0.5,20.0,30,30,30,30,1.0,0.8864866068260312,1.0,0.9852436179923973,0.0017117162937848596
DOT,I,good_site_seeing,0.7015762334958692,0.096,1000,1.0,20.0,30,30,30,30,1.0,0.8864866068260312,1.0,0.9858057171577896,0.0016740941291956135
DOT,I,good_site_seeing,0.7015762334958692,0.096,1000,2.0,20.0,30,30,30,30,1.0,0.8864866068260312,1.0,0.982923372975183,0.002016985890318068
KECK,V,combined_seeing_0p7_plus_instrumental_center,0.7644789593521327,0.1185,30,0.5,20.0,30,30,30,30,1.0,0.8864866068260312,1.0,0.9471574671975015,0.0028650449420528357
KECK,V,combined_seeing_0p7_plus_instrumental_center,0.7644789593521327,0.1185,30,1.0,20.0,30,30,30,30,1.0,0.8864866068260312,1.0,0.9627241312983272,0.0024637802662634822
KECK,V,combined_seeing_0p7_plus_instrumental_center,0.7644789593521327,0.1185,30,2.0,20.0,30,30,30,30,1.0,0.8864866068260312,1.0,0.968685894938731,0.00305767275128499
KECK,V,combined_seeing_0p7_plus_instrumental_center,0.7644789593521327,0.1185,300,0.5,20.0,30,30,30,30,1.0,0.8864866068260312,1.0,0.9893182459954143,0.0010238897654096524
KECK,V,combined_seeing_0p7_plus_instrumental_center,0.7644789593521327,0.1185,300,1.0,20.0,30,30,30,30,1.0,0.8864866068260312,1.0,0.9887193569790171,0.0005403868763819153
KECK,V,combined_seeing_0p7_plus_instrumental_center,0.7644789593521327,0.1185,300,2.0,20.0,30,30,30,30,1.0,0.8864866068260312,1.0,0.9782895996593682,0.0011978834216127554
KECK,V,combined_seeing_0p7_plus_instrumental_center,0.7644789593521327,0.1185,1000,0.5,20.0,30,30,30,30,1.0,0.8864866068260312,1.0,0.9913467761449886,0.0004877661364081909
KECK,V,combined_seeing_0p7_plus_instrumental_center,0.7644789593521327,0.1185,1000,1.0,20.0,30,30,30,30,1.0,0.8864866068260312,1.0,0.9869452210221596,0.0004368125105774223
KECK,V,combined_seeing_0p7_plus_instrumental_center,0.7644789593521327,0.1185,1000,2.0,20.0,30,30,30,30,1.0,0.8864866068260312,1.0,0.9913335727647565,0.00034794426373552234
KECK,V,instrumental_center,0.30717146627269887,0.1185,30,0.5,20.0,30,30,30,30,1.0,0.8864866068260312,1.0,0.9473098515466225,0.0005526915459836967
KECK,V,instrumental_center,0.30717146627269887,0.1185,30,1.0,20.0,30,30,30,30,1.0,0.8864866068260312,1.0,0.9403767474619593,0.0009514075175861003
KECK,V,instrumental_center,0.30717146627269887,0.1185,30,2.0,20.0,30,30,30,30,1.0,0.8864866068260312,1.0,0.9555628264783593,0.0008687045939509419
KECK,V,instrumental_center,0.30717146627269887,0.1185,300,0.5,20.0,30,30,30,30,1.0,0.8864866068260312,1.0,0.9751219699948592,0.00029747665076335084
KECK,V,instrumental_center,0.30717146627269887,0.1185,300,1.0,20.0,30,30,30,30,1.0,0.8864866068260312,1.0,0.9950785486211531,0.00020787275443495679
KECK,V,instrumental_center,0.30717146627269887,0.1185,300,2.0,20.0,30,30,29,29,0.9666666666666667,0.8332960900859083,0.9940914096183875,0.9796074676537685,0.00015659787835575756
KECK,V,instrumental_center,0.30717146627269887,0.1185,1000,0.5,20.0,30,30,30,30,1.0,0.8864866068260312,1.0,1.0016981294518126,0.00012802909034032028
KECK,V,instrumental_center,0.30717146627269887,0.1185,1000,1.0,20.0,30,30,29,29,0.9666666666666667,0.8332960900859083,0.9940914096183875,1.0024716968206184,0.0001326273467293082
KECK,V,instrumental_center,0.30717146627269887,0.1185,1000,2.0,20.0,30,30,30,30,1.0,0.8864866068260312,1.0,0.9935625486173129,0.0001310489986803276
KECK,R,combined_seeing_0p7_plus_instrumental_center,0.7645104528927571,0.1185,30,0.5,20.0,30,30,30,30,1.0,0.8864866068260312,1.0,0.9753324720977237,0.003475031715833493
KECK,R,combined_seeing_0p7_plus_instrumental_center,0.7645104528927571,0.1185,30,1.0,20.0,30,30,30,30,1.0,0.8864866068260312,1.0,0.9682096515995315,0.0023682388120890296
KECK,R,combined_seeing_0p7_plus_instrumental_center,0.7645104528927571,0.1185,30,2.0,20.0,30,30,30,30,1.0,0.8864866068260312,1.0,0.9770848912475192,0.002375887037161739
KECK,R,combined_seeing_0p7_plus_instrumental_center,0.7645104528927571,0.1185,300,0.5,20.0,30,30,30,30,1.0,0.8864866068260312,1.0,0.9916255754301264,0.0007015878578042756
KECK,R,combined_seeing_0p7_plus_instrumental_center,0.7645104528927571,0.1185,300,1.0,20.0,30,30,30,30,1.0,0.8864866068260312,1.0,0.9999370555311057,0.0009522904610567706
KECK,R,combined_seeing_0p7_plus_instrumental_center,0.7645104528927571,0.1185,300,2.0,20.0,30,30,30,30,1.0,0.8864866068260312,1.0,0.9998920865675442,0.001115302993167866
KECK,R,combined_seeing_0p7_plus_instrumental_center,0.7645104528927571,0.1185,1000,0.5,20.0,30,30,30,30,1.0,0.8864866068260312,1.0,0.9847383973961514,0.0004371175565867358
KECK,R,combined_seeing_0p7_plus_instrumental_center,0.7645104528927571,0.1185,1000,1.0,20.0,30,30,30,30,1.0,0.8864866068260312,1.0,0.9987777469779856,0.0004121182535572476
KECK,R,combined_seeing_0p7_plus_instrumental_center,0.7645104528927571,0.1185,1000,2.0,20.0,30,30,30,30,1.0,0.8864866068260312,1.0,0.9902540555091274,0.0007141747513067509
KECK,R,instrumental_center,0.30724983805087425,0.1185,30,0.5,20.0,30,30,30,30,1.0,0.8864866068260312,1.0,0.9583478706215682,0.0006146885180854655
KECK,R,instrumental_center,0.30724983805087425,0.1185,30,1.0,20.0,30,30,30,30,1.0,0.8864866068260312,1.0,0.972915737956745,0.0008716822413277203
KECK,R,instrumental_center,0.30724983805087425,0.1185,30,2.0,20.0,30,30,30,30,1.0,0.8864866068260312,1.0,0.9731093023032816,0.0006887018023317149
KECK,R,instrumental_center,0.30724983805087425,0.1185,300,0.5,20.0,30,30,30,30,1.0,0.8864866068260312,1.0,0.9867818083600588,0.00019147927810114762
KECK,R,instrumental_center,0.30724983805087425,0.1185,300,1.0,20.0,30,30,29,29,0.9666666666666667,0.8332960900859083,0.9940914096183875,0.9779273074324083,0.00022552526006891505
KECK,R,instrumental_center,0.30724983805087425,0.1185,300,2.0,20.0,30,30,30,30,1.0,0.8864866068260312,1.0,0.9935034427368277,0.00030205908239622214
KECK,R,instrumental_center,0.30724983805087425,0.1185,1000,0.5,20.0,30,30,30,30,1.0,0.8864866068260312,1.0,0.9890684211636509,0.00013521501380908685
KECK,R,instrumental_center,0.30724983805087425,0.1185,1000,1.0,20.0,30,30,29,29,0.9666666666666667,0.8332960900859083,0.9940914096183875,0.9792960861374109,0.00012684559046038935
KECK,R,instrumental_center,0.30724983805087425,0.1185,1000,2.0,20.0,30,30,30,30,1.0,0.8864866068260312,1.0,0.982444346511121,9.783740776891925e-05
KECK,I,combined_seeing_0p7_plus_instrumental_center,0.7645735242903665,0.1185,30,0.5,20.0,30,30,30,30,1.0,0.8864866068260312,1.0,0.9942711729720001,0.0029891419008973297
KECK,I,combined_seeing_0p7_plus_instrumental_center,0.7645735242903665,0.1185,30,1.0,20.0,30,30,30,30,1.0,0.8864866068260312,1.0,0.9938915881955692,0.003548953851744474
KECK,I,combined_seeing_0p7_plus_instrumental_center,0.7645735242903665,0.1185,30,2.0,20.0,30,30,30,30,1.0,0.8864866068260312,1.0,0.9780244847074003,0.0031168698256849314
KECK,I,combined_seeing_0p7_plus_instrumental_center,0.7645735242903665,0.1185,300,0.5,20.0,30,30,30,30,1.0,0.8864866068260312,1.0,1.0006313965121125,0.0013732881668194752
KECK,I,combined_seeing_0p7_plus_instrumental_center,0.7645735242903665,0.1185,300,1.0,20.0,30,30,30,30,1.0,0.8864866068260312,1.0,1.0017177930225032,0.0009520188199542146
KECK,I,combined_seeing_0p7_plus_instrumental_center,0.7645735242903665,0.1185,300,2.0,20.0,30,30,30,30,1.0,0.8864866068260312,1.0,1.015424738087586,0.0007864405223574344
KECK,I,combined_seeing_0p7_plus_instrumental_center,0.7645735242903665,0.1185,1000,0.5,20.0,30,30,30,30,1.0,0.8864866068260312,1.0,0.9898394645905766,0.0004315540704385723
KECK,I,combined_seeing_0p7_plus_instrumental_center,0.7645735242903665,0.1185,1000,1.0,20.0,30,30,30,30,1.0,0.8864866068260312,1.0,0.9989583862453933,0.0005356541899057543
KECK,I,combined_seeing_0p7_plus_instrumental_center,0.7645735242903665,0.1185,1000,2.0,20.0,30,30,30,30,1.0,0.8864866068260312,1.0,1.001085333543538,0.0006277342437197575
KECK,I,instrumental_center,0.3074067410545702,0.1185,30,0.5,20.0,30,30,30,30,1.0,0.8864866068260312,1.0,0.9807353984391332,0.0005262095958795676
KECK,I,instrumental_center,0.3074067410545702,0.1185,30,1.0,20.0,30,30,30,30,1.0,0.8864866068260312,1.0,0.981094905201786,0.0007495117473512725
KECK,I,instrumental_center,0.3074067410545702,0.1185,30,2.0,20.0,30,30,30,30,1.0,0.8864866068260312,1.0,0.9921069318072747,0.0011977043165247725
KECK,I,instrumental_center,0.3074067410545702,0.1185,300,0.5,20.0,30,30,30,30,1.0,0.8864866068260312,1.0,0.9984064250445465,0.0002487648011299526
KECK,I,instrumental_center,0.3074067410545702,0.1185,300,1.0,20.0,30,30,30,30,1.0,0.8864866068260312,1.0,0.9831344701841871,0.000318470259212722
KECK,I,instrumental_center,0.3074067410545702,0.1185,300,2.0,20.0,30,30,30,30,1.0,0.8864866068260312,1.0,1.002077152597455,0.0003114534908870148
KECK,I,instrumental_center,0.3074067410545702,0.1185,1000,0.5,20.0,30,30,30,30,1.0,0.8864866068260312,1.0,0.985449724159399,0.000130991953819104
KECK,I,instrumental_center,0.3074067410545702,0.1185,1000,1.0,20.0,30,30,30,30,1.0,0.8864866068260312,1.0,0.9944781997533898,0.00015164367327519246
KECK,I,instrumental_center,0.3074067410545702,0.1185,1000,2.0,20.0,30,30,30,30,1.0,0.8864866068260312,1.0,0.9952304152136178,0.00015552801883167433
